MATR√çCULA;dist
10438;1.7185217131149433
10515;356.93627508168896
10479;5.3663426182520135
10393;697.1421807496653
11879;86.51987276602803
103387;5.1793790526680725
200291;7.392545564095129
100506;21.18264899361424
100050;11.250489258254742
100482;29.69342693655215
10137;916.6294463362273
10107;4.552797240262717
10169;18.795819401151725
10182;23.672688859530073
50054;14.056857683525253
50060;11.09907377353192
50078;10.34591257342013
40040;19.25854014603883
106122;4.763476521468363
200290;4.312388116248791
10310;20.978991728511186
10339;13.354640125341428
10361;20.786824418132188
10370;1.2549782224614554
200331;9.279077845979476
50110;431.90431099594326
60014;239.77043506809656
10686;17.10768493662574
10693;36.45925876009516
104720;33.08193580271111
200293;26.2107958161636
200329;15.044474375581743
40090;48.35968973895896
10880;8.741039693888908
10910;17.489790332471312
40102;38.76659861519814
10994;17.8065159608258
11035;20.491792822710842
40202;15.040170071332176
40131;18.57076504203962
200314;14.086834512462577
11148;15.00894918855054
11202;19.46990253576933
40246;20.526671938683123
80327;28.398911869220626
11473;23.10838682515883
200570;12.729381001626935
40313;57.9619149625672
60051;8.007962677793596
100507;21.780111906581737
100156;13.448721184146473
100155;23.87314095011923
102235;21.625622680805765
40361;60.80363883574894
40397;13.137321357463955
100511;50.89783459828617
11713;25.32657831240064
40559;55.948292082769086
200339;3.903831914974042
30007;1.644185989268198
200325;30.563330254853163
100483;22.619600330007078
11901;538.2788722301055
50151;13.094178441279007
11923;542.647091951447
40734;28.483584846001804
40735;27.12539799668716
100186;26.790706565925923
100187;16.9971236435361
50154;2.8900932663678773
2781;11.96267313485161
101070;3.1787536296024967
200218;21.770293809151795
100861;9.814336379580263
100516;21.8962313209705
100359;13.495475014717446
40941;12.875898245806093
40955;60.92439103934814
41072;53.141089571056874
80053;2.213599458947653
80057;1866.1276606774295
80061;3.027363767772948
80070;1.543950506275909
80095;2.788517270939867
80071;3.652769289437084
41096;7.926523683870799
200205;4.880168563438194
100438;17.33373167370935
41178;57.54688392720797
100292;37.875458794766956
100290;37.602518742682456
100403;8.78557340996786
100410;26.64461119780944
100411;27.35712668301487
100413;38.9471584037398
100298;29.13794080085801
3143;8.204725415408118
80105;7.124591148448358
12225;17.01324918697373
12230;18.735945969388897
12246;3.524806024884518
41334;7.153652539903664
200090;17.642393358911196
103456;17.155869809514574
200274;19.982808486314664
12265;15.029362860352446
103710;260.789696574307
41520;36.93427745741551
80371;1.2162331206318349
41584;15.301762769348203
80161;3.6504533270602817
232813;10.468292877899676
101077;7.762115107246671
100500;10.892504296935392
90293;2.6833438885353558
104104;3.0363288698428024
200981;14.634623367727722
103242;49.27104089362064
227398;5.969109059861383
100992;5.828486612871803
101021;42.71907215761048
201268;11.885831198995449
101090;27.095507780087278
201641;12.555610450682696
101639;30.26666470338908
101647;22.80012431564259
101613;28.56845304286678
101556;16.395834690841586
202201;7.192912252296438
202233;30.650402697190753
202263;36.5602633091303
202337;1.2162331206318349
101906;20.29802824752193
202466;14.724811925800681
102015;4.262066757621096
101976;24.231551753927246
202556;37.361532194241335
102037;22.216279354973434
102195;11.808694959524374
102233;16.91340224158898
102271;32.79812831453574
102275;35.373829577687474
202899;18.253504713838385
102375;33.62010336871507
102401;34.171207421244574
202985;1.5197508487507358
203068;31.791579130903635
203105;8.011093077476021
102554;3.391400219617899
102619;2.0498166933653263
102688;3.515750096912084
102706;11.33391797251151
203386;12.092734772209464
103007;12.53273238365831
203781;25.359098663153656
103063;19.20699907978915
103086;19.65200899107657
204070;14.553673391082672
103401;22.485178733973306
103472;23.111796264939386
103630;5.542378199111561
103682;2.5449189116934887
103689;22.196422933582912
103699;6.809355520864267
204550;21.773852252282126
103718;11.628339988343894
103776;5.367497966095222
204804;23.522977080225726
103871;7.034548548417804
104005;7.494061700884601
104018;7.1971063248175335
104132;18.220976209898613
205122;5.712730969087842
105276;2.1338321750237452
205178;11.568143872604589
205281;1865.086069911424
104320;6.947896962727736
205368;29.446066696931435
104489;9.782506957810455
104507;10.705146161909596
104556;7.453542427102673
105031;11.16424833400787
205827;42.459876255046126
205915;3.4370702017380603
105275;1.9056695517209223
105288;14.51712427350729
105321;6.68092001832236
105396;9.178900330364756
105449;23.74443295362175
206066;38.13322102724079
105461;6.987953591248291
206273;24.995932674392456
105614;15.113439395642144
105700;11.874864026603845
105771;10.914188248073202
105762;11.97688100731428
105765;36.18077343721221
105877;22.573189510749398
105811;13.289574221169007
105847;41.73764884666129
105863;6.327300703301092
105910;1.3595623892490172
105908;13.22688069767558
105990;23.1727346089591
206695;4.371834584372383
106113;12.63563157116448
206823;24.114909729999365
206842;12.356349779224049
206871;22.144626127799643
206944;20.855829082058072
207178;8.275135146761388
207487;33.45112390547705
207784;8.90843569703408
207881;10.08655529550283
207916;1.5197508487507358
208125;22.9664622757841
208153;21.312146463453658
208315;19.880641394468313
208321;10.283371921736457
208408;7.96874715078545
208430;24.66796954910962
208478;17.96039896534742
208505;26.46738399502558
208707;3.081427764968747
208709;1.0030138865695144
208779;22.2708962385032
208935;35.475963503473864
208992;2.052168069884329
208999;2.1078797844574484
209233;7.332668219295544
209267;36.27066867212036
209274;42.31311506310948
209307;5.265030207092829
209461;15.793344800447034
209564;0.5698195453229249
209542;24.392221072901524
209575;23.361084183979436
209748;2.1252625435758237
209905;5.078605201429882
209926;47.3734663731552
209948;18.261750193392455
209994;9.268896432869887
210026;6.861602965667679
210188;2.4207503813694213
210392;9.605665823629534
210396;7.790236821161041
210562;23.619337282178382
210600;29.361949070780845
210617;16.605732884187805
210707;0.47660565240530844
210761;7.753167967406204
210778;17.630577559549707
210837;9.303184360004204
210883;21.81736762755627
210994;18.93169490137509
211041;11.900603637235493
211071;29.03846055278405
211204;8.540779136965446
211281;15.776897789542861
211320;7.849075339740906
211354;12.699121725780154
211389;17.878808729833406
211481;15.645281133733471
211550;7.397782082330209
211555;18.590685738224582
211566;24.939967450074807
211567;5.501356817005622
211676;3.7862617399175775
211684;23.008585800314606
211709;13.903086376002081
211760;12.634114475483937
211812;12.3835843242029
211857;29.13617747873007
211887;15.04543204139993
211899;8.978225945931639
212013;50.918615898831185
212043;15.70622078997301
212060;7.297345306940535
212082;10.824458373667062
212087;3.8103009728264507
212152;24.524894656915087
212643;22.15693322616926
212750;1.3232525957981471
212984;42.67633565428298
213072;9.151609474827104
213074;3.831170030467666
213152;22.29513593113613
213246;21.559266414995605
213255;14.005404305884936
213258;25.426263097843357
213303;6.444754160383071
213308;7.430838375953362
213500;34.109840471645974
213580;2.19862564206874
213595;14.469370869356428
213688;40.70238321409191
213703;8.330362132886995
213714;17.170844254397334
213825;6.9690164058073805
213827;1.18263983733002
213834;1568.8476461558791
213929;20.228741846655623
213980;2.769340462677054
213963;32.68142125602541
214041;3.843481125354591
214066;5.693454657913491
214146;9.246857328982038
214193;9.357943682710465
214237;21.683403478011773
214260;8.786640388961978
214431;8.267743769420116
214417;1.3165859893225036
214503;17.25794355515997
214527;13.309119860449778
214545;27.97689177360935
214632;13.6326485538255
214651;4.890690730118241
214666;2.9217932046255948
214734;6.150955787223499
214721;661.5257207564036
214761;1.146003954818569
214768;27.502358383634455
214897;2.25817643197
214926;14.385538497452613
214918;15.708260831861676
215005;7.769654826962193
215006;11.409246602852221
215029;18.149440493498687
215032;20.671542473490362
215043;8.39525840932104
215048;2.8493432827461076
215051;6.512364413731408
215081;6.278049317240905
215169;11.630051397017873
215204;5.9569629632978
215219;50.67797269576452
215223;20.89604392901401
215228;12.943718511068223
215312;0.815767257010256
215321;10.69130080642185
215342;12.31850613134517
215347;5.143987751898593
215352;14.094720749556052
215353;2.8208088674267784
215504;2.598508887394309
215531;11.968869672255591
215618;1665.0042080622252
215654;7.429898730718347
215697;8.683560400029776
215775;4.196669531151073
215798;35.52277410039056
215802;18.043027671968478
215825;33.40164862328127
215826;18.219142945440083
215827;1.2290391360123967
215951;5.019885866818251
215968;2.4916240116861066
215991;18.680771372710836
216136;8.1146377467561
216162;16.449922174992423
216184;8.495898864309385
216212;15.003702510967496
216232;22.279479639797838
216276;4.359401251188937
216293;13.981139706486532
216341;4.332437914636637
216351;25.17232235578714
216391;9.295896587679437
216413;2.6292230349452765
216482;6.054209596417645
216510;14.471172978538045
216569;1608.6815837627864
216601;38.337392737346896
216690;17.922658569455585
216719;6.088100828713475
216746;27.71474264377727
216839;34.30683149733192
216969;6.91166513271338
216995;1866.2947179357914
216983;26.390607565544702
217017;6.8652322723975585
217067;3.479780421706729
217089;3.9310385182161713
217154;2.522833518909839
217276;13.494702675386394
217284;17.283458023395838
217293;13.463471188756799
217319;9.750349482800228
217342;6.627340991565437
217356;6.891212695358108
217361;33.65125044517858
217366;4.417679371988529
217371;4.088678013667954
217378;18.109364552393306
217398;27.100169662826648
217407;33.19955244985555
217409;29.672224411500196
217411;37.492987065376234
217437;45.882073069689625
217168;5.099603043496684
217432;7.7386178067048945
217479;10.733686427589975
217487;18.734790971166195
217498;4.248716654046023
217501;20.44998389436989
217588;30.71222799550456
217598;29.559245356742615
217627;400.93191797535144
217522;5.965084097790023
217571;0.5646540488151044
217595;15.94218753087473
217602;2.3938795327082896
217604;4.831368483378475
217605;21.047989271791025
217629;3.771168091868778
217636;4.304908137634585
217648;26.112925305521284
217678;11.103749130349856
217685;5.7979226272675435
217701;38.9590726235391
217704;20.93575454415522
217715;18.72245375867548
217746;29.72227267476316
217776;1.1590881285537606
217742;10.989156776372814
217806;11.693347335331167
217840;7.441374446997098
217870;3.2204957892844654
217926;8.573615900207308
217946;17.40826632105543
217938;15.252083438128441
217958;4.010124191050839
217973;14.546889623400965
217980;36.10191849913856
217984;12.295197877753129
217988;4.4349290666215815
217994;8.339206146666182
218011;44.56909919236996
218012;3.5547152997364337
218402;14.270255060222905
218387;12.320720294893649
218389;40.925718217781174
218396;2.559274169970519
218406;4.439442328432637
218134;21.162491758448795
218469;6.001908803808782
218170;16.603897687869857
218471;2.123970461458809
218483;9.79211095806021
218546;14.358653092880438
218604;7.46925765395948
218632;21.99999865266893
218634;4.764278464682076
218849;8.337170225747599
218698;7.615741687409175
218887;35.048912263451975
218969;14.254859815077358
218993;11.979284594401333
218996;20.733855594305197
219122;3.569952782618046
219162;17.173065625405467
219171;44.59677937845518
219250;23.223447471503874
219208;3.5973439026893037
219319;3.3164887928028794
219338;10.502069365693492
219349;5.078386799683144
219462;12.576081805396825
219397;18.950433178735068
219438;11.380225762102457
219467;19.488800439253456
219531;6.50250741199166
219588;9.436739556742516
219608;16.352708158090927
219627;8.582136991797602
219604;2250.327284870365
219672;22.738763579296755
219704;11.754659701995164
219728;34.48450954558073
219731;18.420273488005794
219749;33.30354886700742
219750;31.083527793119174
219755;4.104597264052605
219751;8.576881670094743
219775;14.473182867619979
219686;25.151846995748983
219687;11.879116901022945
219689;4.305398787179278
219698;8.835575554195824
219795;13.529710488280916
219828;30.23932678956556
219833;54.39902192626547
219834;5.534199571962128
219894;18.04258992808466
219921;36.78958575004548
219914;6.50250741199166
219997;13.458916379340632
220011;15.905212061917137
220021;11.92570899925929
220063;15.374869866615402
220095;23.1270863951239
220054;40.32841009207484
220133;19.626245561070927
220165;20.159511545782962
220211;1747.016056279653
220247;37.659396997326965
220224;7.029746642079422
220228;2.7679422360373223
220231;21.839278191501943
220253;15.251519276135657
220254;21.146218006593557
220249;2.299708263188299
220282;32.207764509483816
220302;38.371780661978725
220303;31.91047775759226
220294;22.196422933582912
220311;27.294384672242575
220317;21.887177359700996
220337;8.76716263369703
220345;13.705117662649863
220352;6.57058753815443
220396;10.1787899382542
220495;8.044787454014244
220565;1.610758772235773
220601;2.249845349878656
220629;5.507710192758842
220639;5.373885721771567
220685;31.050044034843488
220711;34.267362705336375
220713;26.21708468345039
220720;17.48067464966053
220735;43.638666950204446
220786;16.502089438912673
220800;19.127688192494162
220859;31.170897399932908
220911;30.943426139204295
220918;34.48450954558073
220894;78.1154685091318
220932;2.94524567919403
220940;20.08655477864821
220999;8.09824731808731
221025;31.491308310912686
221035;39.57583012906961
221054;6.080837137494153
221091;47.16951342369958
221149;11.342396329948494
221173;21.422189059284612
221208;13.995452061189225
221233;35.33537047950517
221202;19.533019996960366
221213;27.56543601740279
221239;18.336830829429598
221252;2.6222938679936103
221273;7.7508444787008335
221286;4.238548366159635
221324;11.66145701737566
221325;18.672164144286732
221393;6.93272404746936
221410;9.477771384095332
221425;12.965229146505795
221485;2.914257924067765
221494;8.687728854502186
221493;20.12272545964748
221496;6.096512811996309
221564;1265.4306884675311
221653;34.22457015423276
221704;23.683402312468388
221705;1866.0180768016219
221706;17.31503883432429
221709;13.820091668924292
221711;2.301538661616959
221837;17.81973304118733
221852;3.996690784520836
221876;12.12318069456409
221878;10.325115853601282
221893;6.617249859859622
221972;8.641616947549684
221977;24.670292105994324
221987;2.310090642983058
221990;17.68421904699974
221992;26.5252114476481
221995;22.24929840350607
221998;18.937046965797933
222001;22.179622259236627
222002;31.459688820402473
222004;30.011666351023205
222005;22.068848118062576
222014;8.279548519687662
222016;10.135415473946432
222022;4.733734721920091
222023;9.071121605667031
222024;5.062712949889045
222029;46.92511358445793
222043;24.73820425734375
222073;1.5954472850147423
222094;14.369185310646278
222105;3.967496221673057
222107;13.438944195585368
222149;42.455562716436525
222157;26.883578720592045
222170;29.302687429983333
222208;14.752086851774797
222195;9.10097001923263
222234;21.235095206631097
222241;20.16673655264682
222249;1.7940283798291365
222259;30.22048267950951
222279;22.022208449846485
222282;11.92700105739736
222318;4.513214860063663
222332;9.600815652575951
222359;39.127091132620514
222360;5.953891601842612
222385;4.305398787179278
222397;18.1387365640246
222421;11.726833065695649
222422;20.866349107813676
222442;2.14680299658952
222446;7.9358453651781975
222487;4.6454182075335035
222489;12.577117301642803
222544;8.3658210320241
222562;35.82440317708699
222580;8.167056011538813
222590;16.486502346805512
222618;20.68619928200196
222658;10.024570845148281
222676;15.725220542617375
222677;11.432336398727935
222728;8.402039018860032
222739;0.49719097693266606
222762;11.119442374321977
222750;6.863056415108205
222760;9.929444373431828
222800;28.710794550090267
222841;18.930356799614145
222938;1.6981742243365225
222966;15.037425276625221
222981;26.735865800596258
222970;0.7657948777146809
222971;3.0778810176419675
223044;30.130215230897083
223053;8.29833491782458
223106;25.845375915230175
223130;1866.3394167506067
223144;35.53375014385099
223194;2.1964423242471587
223192;13.701200182300594
223190;5.497770974522503
223225;19.658590600850548
223247;12.952365715138114
223254;5.289840214360948
223257;6.057778898912786
223269;10.318676976515265
223279;2.848847220167366
223291;3.494673521384911
223297;26.702280085241732
223298;14.0113065988182
223299;19.23941583425743
223302;17.942366538581542
223312;30.858689986408564
223342;29.688548850926615
223341;42.67836359297443
223208;5.157768986960552
223309;4.172175034160232
223531;5.416717637693483
223644;11.582567838410574
223662;21.92081729648006
223732;19.222067393562998
223723;13.416481496396125
223748;42.68801384300225
223733;15.191301997179178
223772;21.162491758448795
223787;17.481353745804547
223806;8.962691540516994
223849;5.383463925278054
223868;27.64112762183037
223873;7.571392390463022
223874;0.4966515313448027
223907;12.936601324702766
223919;6.259600190652708
223975;5.451114893430749
223936;12.753834894304234
223937;15.649903151311378
223938;6.256590263688438
223949;12.952299329313963
223952;26.362451804246433
223960;7.479050881364669
223986;6.168327653442405
224014;2.211864648837448
224022;3.4991922809533396
224030;19.101013279426923
223889;18.31617578907438
223964;28.529435775411212
223979;21.28545431229132
223984;28.183242363594214
224000;18.21197511480644
224004;8.542573904225119
224019;8.442056410804136
224042;28.699336756605046
224079;9.395961262034614
224091;11.339317246532746
224099;10.575614412648898
224127;1.1717803323939013
224156;23.613607305864495
224238;11.585896577128121
224216;10.071899568382701
224217;11.061623362307087
224219;15.925399894750427
224224;11.235500987648997
224313;25.99547477442831
224337;30.761654299990965
224173;10.38773652489226
224382;17.134202853363934
224390;4.7302367151611575
224396;12.101831603561463
224421;16.874361944242708
224426;7.426090707025318
224430;13.386762963593902
224474;8.173749743909125
224485;3.7377490405842733
224497;1.034126447143162
224489;0.5138881934773043
224492;12.895041813826717
224493;14.252951108988071
224503;10.054853003937447
224521;1.0766183039011203
224518;16.01355138287151
224533;14.34127568529223
224554;2.9190622702377915
224553;3.3698960196004064
224606;48.733263072128366
224616;6.404709656884574
224630;17.11342040083687
224654;29.039466151885296
224661;29.060119411550236
224678;0.8781835520954832
224691;26.238379890186458
224705;8.06824636281469
224723;1.8808624119690867
224743;3.543731647000955
224754;1.726970339999915
224891;33.67429386900372
224766;10.013711627396322
224768;58.48073888156135
224773;3.4558357604507686
224789;2.727019889165288
224792;1825.018966668835
224805;7.235698389386179
224806;3.764982837150679
224812;4.568047573337844
224818;1.556875406218843
224821;1.9978828164599962
224824;1823.580236151838
224831;2.82900572600986
224833;7.6905381606555165
224834;0.6784461477446618
224836;3.136454738810107
224855;4.011379361151028
224877;18.320436520866483
224889;22.755875946254292
224910;23.739301195532956
224952;12.29531635267945
225010;8.599036398347478
225013;0.602518678835814
225015;0.602518678835814
225017;0.848651615904979
225031;4.836173972180803
225056;6.633915737368553
225069;8.213822405911495
225073;8.546704322575971
225077;13.527172903971804
225078;12.479739964134062
228732;109.95382695009351
225065;2.20692992556731
225066;1.467626920863138
225067;1.8326057247768217
225089;7.03498334263614
225092;3.819098966174125
225103;25.431570957351916
225138;21.025984517964247
225141;11.279850959428135
225165;5.3178551038530975
225185;22.844116102678196
225187;13.02943146604148
225197;2.5321462978239833
225242;8.639864235642788
225251;8.976802612201634
225272;10.494693376250305
225277;3.22659439393383
225278;19.364121473753194
225288;3.6048580119782434
225295;9.234996209947711
225303;4.883576352965986
225317;3.7310333482887494
225404;2.1875116339824987
225406;20.895931472943285
225409;38.49782293442028
225412;40.128467538387284
225442;193.57504498532296
225471;10.986227310152954
225453;20.432611361332295
225455;13.295948805015422
225503;24.980338901968636
225504;23.829717122529633
225515;6.6268025047355525
225517;9.20125381758064
225569;8.771264503460099
225585;5.891981726710178
225618;1.9988198352559177
225643;8.56306198837299
225652;9.142176345669599
225692;7.239942243020188
225759;10.41564105558182
225774;1617.0941006824037
225769;7.00735226049117
225778;8.158949891055878
225779;9.428296727852244
225787;30.105841448114322
225815;2.101027911983267
225817;8.875192755970541
225821;9.415551074467455
225843;10.405187539369297
225824;11.544609244738032
225852;5.4240188284629784
225876;11.966540731541084
225887;21.95606978740587
225897;33.139668729828514
225906;93.93982782764128
225905;2.630843133324612
225910;10.195331368212235
225913;10.489769346510329
225929;33.81787639391061
225941;9.445474814304786
225961;24.26707509172439
225985;7.1113830806128595
225986;14.747613836276365
225991;13.021283937138275
226005;54.26696351435874
226019;26.93246875446074
226041;18.513639014554172
226114;13.461586539656311
226147;5.301496129175421
226152;0.28104295295005904
226158;15.394369770835471
226135;28.385008792838534
226151;20.7594334287197
226154;23.74553032936754
226161;2.8058137919134607
226167;25.865426180927333
226168;14.138681113107534
226189;2.4117375337085702
226200;11.289914630814438
226211;15.233185934528729
226213;18.85583413574793
226216;23.77416389517094
226219;6.147187368949393
226223;17.266931785927163
226225;16.74429793761991
226227;7.991476009895171
226229;13.144695647482662
226289;13.307350283651
226290;22.336691223172163
226254;28.588655463404166
226255;6.909254640971793
226259;6.264169004734684
226261;9.36777863369291
226262;29.237513956119614
226263;26.195034739491277
226266;1613.2854292558577
226270;2.2715026431264156
226271;8.091224480646364
226280;4.499643524011138
226313;9.59603333056291
226315;7.1753525941695635
226318;28.463933706037583
226322;5.489865042954678
226325;44.47415433596124
226296;0.503037833895776
226306;8.761971414851958
226339;9.179861745363988
226340;12.917576725631275
226342;13.151668592475795
226355;18.99619440840645
226363;0.648973707188919
226364;4.54815969013128
226365;17.742735256257316
226368;10.536229738680163
226347;14.43178403402992
226356;20.906519042786854
226375;6.590543976310019
226380;19.712571182562193
226382;14.886343790301655
226384;2.4137666486653115
226400;14.537201426411071
226404;17.92228393047508
226426;21.367695179342114
226457;45.13028761668026
226469;35.672914875526494
226476;9.685078239893967
226521;10.860851015337913
226522;2.5869749244684472
226527;13.200373959559862
226533;4.38952710594327
226542;33.13025331593796
226545;6.447017999909206
226554;1865.9231557701478
226564;6.275277113915067
226571;31.52820200273562
226581;30.719231321331574
226584;11.982838873794016
226586;20.612742747926212
226593;38.17002084003668
226596;259.6798094509407
226606;25.08821137944345
226611;11.634856017306346
226619;15.151925384958387
226632;21.661667212002037
226633;13.048705838111381
226641;13.3035841215086
226660;6.880469947566875
226662;19.975985295524335
226690;11.572829340454966
226692;14.018482983463702
226721;8.983697169789675
226714;1.1953383474010342
226731;5.578419756272942
226744;17.80916228552271
226750;15.279199665750955
226752;28.54035432849224
226764;0.7052012232412441
226778;15.486427118028756
226783;7.0126046441200405
226787;27.13879617733274
226797;4.85108323264825
226802;14.782886267715366
226818;4.532988421793543
226827;32.858621693546255
226836;45.97169344215067
226841;41.58873779189654
226858;6.899658290856535
226866;20.44111434697831
226882;6.837679356479224
226883;3.06094426641763
226890;18.422847212991577
226891;5.178994385389383
226892;14.446401845994995
226901;1.7612232991022765
226906;11.34484014168353
226918;4.099549178186383
226925;16.265832341866695
226927;25.361718434148735
226932;29.26860689760849
226933;1.05147619373041
226950;13.47241490522671
226949;7.43613241868368
226989;14.251245305842621
226992;14.514242399259594
227004;37.85914562952315
227001;42.91549849402333
227003;2.710467748388247
227026;10.22364297865011
227032;6.507684793537848
227034;99.4457724113395
227045;16.243358834696902
227080;26.356436794511026
227101;16.52351474976759
227120;8.695006086348068
227138;10.827156953355114
227204;5.943996395735841
227235;1.3307337902255794
227242;26.772635130620525
227243;34.92414930921796
227289;8.324854194899263
227292;6.412978829482078
227300;3.7752949770943705
227304;14.455890009972519
227123;0.6041943494721876
227126;105.31850511627661
227130;3.539897776095153
227133;14.708722579714175
227134;1.2189626725134282
227135;4.4925020158063695
227136;1.765819850308648
227151;2.562576963910872
227156;0.9393381504766798
227160;98.94897726302916
227162;1.1442556762777771
227163;0.9393381504766798
227169;91.90950892405472
227173;0.8377473180995859
227174;0.14447337995965384
227176;0.04382559806535667
227177;3.3601446767720393
227179;2.365700046341941
227180;0.9366947751732874
227182;95.86160598672625
227183;2.057845927881252
227206;17.105428302593126
227207;4.451167548443528
227210;17.107089815186086
227211;0.7402839048948766
227213;3.3284020738446607
227228;3.4202353392546696
227230;1.8054638640978324
227234;2.9718094388896334
227240;5.056266604153815
227245;4.480799459825119
227251;1.6971504015475392
227258;2.0650508744507774
227262;3.2831254551627183
227273;0.3494882388387036
227324;3.5217342770779063
227325;2.8668933729294657
227326;0.5163543472869989
227327;3.2072823988608086
227364;17.085798931249144
227306;20.417063508656913
227401;1.9106049374308876
227369;6.5034135764600824
227370;2.5626635761420857
227372;16.535349451017062
227375;10.856865106916512
227377;15.52112151160739
227380;14.932527127900151
227383;5.129992483605094
227385;12.795726818741814
227499;19.313689416977564
227521;10.99546498282146
227494;3.2055182969196623
227502;12.291004854542875
227504;24.127867639738703
227508;2.177373273733763
227510;6.423448030360969
227511;3.068351019016896
227512;1063.257603957879
227513;2.0333565874708586
227515;10.215118805676935
227523;20.67548298351786
227528;1.2488992022172765
227524;34.588046561604315
227558;37.6809071926124
227561;34.61933087199268
227562;23.893378483386225
227594;15.840579894855132
227595;28.80472600034624
227596;20.54612876923257
227610;21.71413327944465
227616;25.657707997779173
227550;8.127576442357235
227585;4.186149643096958
227640;15.711374497190478
227641;20.2883460510422
227642;21.85960599241405
227653;45.33715828521118
227661;23.48418526433713
227645;1865.2159002944747
227657;17.074186115565297
227659;1883.4443858593945
227684;41.14695947784131
227673;26.762855852056294
227691;5.648467809861642
227715;23.11636824402515
227719;9.82743832379059
227721;16.511674952680366
227726;47.41712961622219
227732;5.019528696423047
227739;3.1146535648796734
227752;49.76320516231912
227762;12.751677653036127
227773;5.767097421329889
227775;10.396653303099656
227776;23.51122209273885
227777;5.504705725836336
227783;15.416953809855004
227796;5.997678046590876
227797;8.867824439446704
227778;5.822828657836523
227838;18.12424443164497
227842;3.441373401680376
227843;8.322800321646305
227854;7.950108122776965
227874;32.87671920349031
227872;12.756449819517305
227896;33.237777777389056
227898;37.56583073326709
227909;7.614792177097444
227919;6.854499219227227
227926;11.696223296230327
227933;11.824674783364287
227964;8.50446477942192
227975;15.762187855393437
227980;40.22184004997902
227982;30.79862582869432
227994;9.493055567307763
228041;27.834264107148
227859;21.47462563699957
227988;3.339771270590961
228026;3.275627063070118
228036;1.7543069058337968
228046;11.804228129640824
228066;11.641968315702918
228067;11.064493449499931
228088;18.90371683043254
228098;31.436718409355105
228116;36.03316923666638
228118;8.509805604692263
228117;22.89951014947565
228159;22.85020723564066
228134;37.59086867368906
228153;9.072116931848337
228248;24.861483937954493
228228;22.554511777071088
228237;19.922804159700448
228255;11.449327789375413
228256;29.745223749134865
228169;18.082165974416373
228174;57.13767427745085
228173;11.288802974191352
228175;38.0563649374482
228176;31.515516129538238
228177;48.89364230468364
228181;8.083518979966264
228185;13.128789333457238
228187;682.000896872391
228188;13.265964845637562
228189;19.405436054969766
228192;12.179739863119714
228194;59.379894760168426
228195;3.914628963546671
228265;8.236991585915737
228266;11.266745288828067
228268;37.316747700215764
228274;18.94789159664956
228280;7.521687687224378
228287;8.055327951274835
228289;11.324213797201873
228314;15.071579789992425
228326;13.732514254509157
228337;14.121636771378224
228345;32.100549882316784
228354;44.02130979776026
228355;26.45735170094243
228365;21.76969719432408
228370;12.889980720865392
228380;14.088184737515997
228392;12.799399866351019
228395;20.5341524958735
228399;22.888783754719256
228402;12.233398028265718
228406;14.225423909684109
228411;28.21438959472116
228413;11.7972996203261
228417;15.12066155553344
228427;9.619547637900947
228423;4.170714749312537
228430;15.269262551306792
228436;3.6035093691161575
228451;6.050418644895108
228474;1824.9297924707807
228478;10.153131518596211
228499;20.878295127131167
228468;1.011774224716166
228493;15.57583250924955
228509;10.552314440977781
228511;33.37944307637688
228519;8.307780449204406
228521;14.784612777100854
228522;1.8677931279047717
228533;12.151834232216817
228536;11.835724922286808
228542;6.6704432994608
228545;7.504766893355813
228558;5.876670026207589
228560;26.05235866000174
228569;6.164838946228931
228581;124.41823542643031
228589;25.824857187266716
228590;23.18652169030143
228595;15.254015108667211
228603;40.80087255893355
228615;9.48217465382757
228610;4.93830015409156
228614;3.2586347728963867
228625;8.340130936493635
228626;36.40045898184906
228627;6.371737931772874
228629;12.813281811257331
228646;21.17807609971707
228648;33.68710373319758
228649;29.51230259889195
228652;27.663130386975936
228657;11.931549583699098
228658;9.773741383829103
228660;10.449951325607055
228667;99.10191094157486
228675;15.72901090808296
228677;18.649875972526388
228698;1.6441591778365245
228711;52.28508041228711
228725;4.731973775182129
228726;3.2735986068601948
228730;6.843469884099115
228749;21.603157879624845
228752;0.5722368289574725
228766;22.596414735290914
228768;18.093743093438597
228769;6.905812267412631
228770;21.919965942769377
228794;16.305152557179934
228795;8.321470080556875
228798;22.86551803186091
228801;28.155362669921367
228805;175.81018485938296
228808;2.0736452007028405
228810;1619.8547228108685
228811;6.628598261424346
228816;22.068848118062576
228817;16.9971236435361
228827;3.3196365873940117
228833;4.6743742761598135
228847;43.75523273541219
228848;37.518744081198015
228865;34.35613225114021
228867;12.026597504589722
228872;3.611714369289675
228888;4.860158559899449
228891;11.465347654136869
228893;3.332710735245274
228894;2.0142986231491804
228896;2.129428229151384
228897;2.0544774429638295
228898;6.244824807164647
228899;6.775403689568664
228900;9.284574282012125
228901;1.2430419318962187
228912;4.721195176715399
228917;8.008682460715258
228924;33.60487023826252
228926;55.529208137096774
228927;23.153875374303755
228949;12.04887231382694
228952;9.515216602152561
228955;17.72708039822978
228965;3.526146000228975
228982;9.999029303499418
228985;17.412900320059304
228992;13.280246363623032
228999;1.2609059762818284
229001;21.773066105174813
229004;9.386154199768518
229013;18.06490231313346
229016;19.942976756792625
229017;5.695129850422608
229024;3.8338254343287064
229026;3.229891884916186
229031;36.25222892758694
229030;10.259087563700975
229032;45.97380825778299
229035;23.096988824444935
229036;16.710496030733246
229037;13.962677743534353
229039;42.585694607589204
229044;6.11644993920507
229045;20.038149011035777
229047;49.4459392304102
229048;11.528449370253549
229049;5.123476216528565
229050;14.443748761542333
229064;22.97245601450737
229055;7.576306235005514
229056;4.281154514504584
229058;25.854951073727268
229088;36.308221023704824
229096;6.079210233043452
229098;46.360955619578455
229094;4.277132432779739
229101;3.8668285173883135
229142;8.109793514400373
229146;7.486439397868138
229162;30.981399820370928
229163;7.388260931286216
229170;40.78389792975007
229173;11.398813878970898
229229;1.7080909612187085
229196;13.707951341079875
229201;11.79727100648168
229208;49.03458728830801
229213;4.882561594048082
229214;3.871505295668235
229215;5.534821762774721
229237;42.36896658310767
229239;9.462648638218353
229238;4.830392970878144
229240;4.119100437077897
229242;3.0442435842272926
229244;11.185696173130845
229247;9.103478001705714
229258;10.72601101768183
229273;3.856340499158528
229286;2.939602891123323
229293;6.759318274392625
229297;14.961153439068998
229299;6.5708744186332035
229295;18.397554607218016
229305;1.7832225342420733
229319;5.601106939688108
229317;9.34642364837098
229324;11.856500697382529
229325;16.593245812679378
229342;12.835716352352884
229387;12.69959568328263
229414;10.80476492346364
229431;8.220487537574522
229422;26.91553343816937
229430;1825.2877043681792
229437;7.918779462988035
229448;15.263566339406324
229458;8.999874131414195
229461;6.232519193434042
229466;16.321080989257077
229472;8.592920081023664
229475;42.51363123901921
229482;5.359837253567341
229486;15.292106850844494
229487;14.961810516250232
229503;28.51004123149864
229504;3.28344287363334
229507;26.535353551772083
229512;6.887068415240272
229524;3.4947419771372004
229582;6.944269813837157
229586;30.853177620986862
229597;2.696876595523986
229599;9.292518968933534
229627;0.8736261818048349
229638;83.38421067107068
229632;15.670260795092327
229639;18.748067354630116
229672;10.45474639795871
229689;4.443938965034228
229697;4.98693151608999
229705;8.11940831006121
229712;5.375499043667645
229717;5.755495304845472
229723;53.74129738795752
229669;3.0043063731712207
229682;0.950400384487201
229711;2.4763359853565428
229748;21.64238564910708
229764;9.158199577140747
229765;37.94393368914902
229768;0.8736261818048349
229772;4.5788219757145265
229788;23.223495549832233
229790;10.059827835804773
229791;4.200376954981889
229795;5.769604841331147
229800;32.143672258913526
229801;264.7718988824858
229803;13.289904240686738
229806;5.728532275182701
229817;3.477238922422568
229827;1.1890817624998742
229826;10.971511075161974
229833;7.5153118393851335
229839;0.9795975444870636
229842;10.458781027146932
229843;3.710894901281847
229844;81.66096221379941
229848;5.45078784565922
229852;4.91755701494536
229854;5.728532275182701
229860;5.097230058664512
229875;15.806276449814689
229880;19.934174881712565
229884;14.08469508302941
229887;3.493744392373242
229891;2.9367810730301516
229898;10.433491181526957
229913;8.496713509977726
229917;4.018230909592398
229921;0.8736261818048349
229931;4.348910711384235
229950;18.95599014365892
229952;3.585945108374406
229962;19.286248121459977
229969;3.861844275986869
229978;14.94543908831057
229981;14.7835033892852
229986;12.862865662098413
229997;13.110382843584587
230005;7.0668242540083615
230007;0.8157714475389244
230009;5.156235937556658
230011;14.558044459327387
230016;3.3452314015254467
230041;8.583031958423321
230042;4.170785485692852
230059;10.048728195434817
230023;25.089476221114552
230030;15.932731968027156
230031;13.228831512976138
230032;7.746108285979648
230034;21.98632159150018
230037;4.551963033796003
230039;13.430804389915727
230049;11.38556057009562
230089;21.71545136050243
230093;24.027303652197407
230083;10.198103819479853
230084;17.747324785717215
230085;3.5486015846632153
230095;13.79892779675435
230099;10.539354585377582
230105;518.5405934298554
230109;2.9406418621907413
230111;6.334727380316803
230112;11.235549201285272
230123;31.29639613994755
230124;8.167180524525348
230125;8.455981133132212
230128;15.78451674749222
230132;5.6472291109966415
230147;6.211169397174983
230153;12.14336996772005
230168;45.50166375878829
230171;19.064881895821394
230176;30.43927668466017
230177;37.69230864215618
230194;36.39244264345266
230174;14.305692510652056
230187;1623.1612502859762
230188;19.69780488682428
230198;4.532988421793543
230206;6.519081286383726
230209;1823.9720472968947
230212;25.37626702296238
230213;21.647715516390925
230220;22.680821438845147
230225;17.706168577456864
230229;31.68791441684
230230;6.161770587523032
230233;9.058811528186585
230235;78.42042216385939
230241;2.7637529696025713
230243;15.314208874373303
230250;6.7044901656698075
230257;13.043455437656817
230252;29.935967206900134
230280;13.48776623218873
230283;23.98172664767577
230288;21.86274549056348
230278;46.21077242172981
230297;26.40751305001611
230279;6.196006303376996
230295;25.55092522380542
230299;8.722002206525072
230314;4.684541870366594
230316;5.160072288416158
230321;9.349216473779903
230318;17.1224884439114
230334;11.4227391944242
230338;10.484874500968045
230340;10.094737920101666
230359;13.033623246060648
230376;12.353310251435339
230379;11.061427018805386
230386;13.278010720349508
230391;4.688082055735038
230393;26.905353428581844
230400;5.154385773012759
230403;16.047510437486515
230404;12.423776414037649
230405;6.724105832296812
230423;11.119204590786596
230442;6.7521949832600665
230443;1629.960754027229
230445;2.229064990938651
230446;19.587827610471983
230447;14.11571669838254
230450;33.6063418850573
230431;14.500517711377956
230461;16.447619511201182
230464;30.917160289559508
230463;105.72375743387501
230466;9.782131529090337
230469;10.46999095210426
230468;17.524754383465197
230474;9.559237162164063
230477;13.265493468518818
230483;13.333338430836472
230493;22.82745888634026
230495;1.0894488973084535
230518;20.04740944630393
230525;2.9137564002428014
230532;13.506924520085615
230533;6.444433343015271
230540;7.685933829596577
230543;26.26252034066469
230551;3.5413014607064817
230557;81.2326741476061
230547;3.6504533270602817
230554;28.96780489524422
230563;30.444661214201947
230568;9.070104609990118
230573;6.6268025047355525
230579;21.321196225186533
230586;2.3511602276218726
230588;24.165430570593003
230589;1.1218762908329623
230599;32.3913259244189
230600;30.882256147928818
230605;25.045595828607645
230612;1.6475583266472704
230613;22.719379297132544
230621;1.6573120233092582
230627;24.715986731398328
230628;13.938583824354122
230630;2.1330491591523906
230632;12.950667261494791
230636;36.96753446925567
230639;9.566902042684598
230640;7.567382631604481
230655;5.256494592308315
230641;1.9274562148014747
230649;29.78880960384493
230666;35.18163537384699
230682;31.989448152384924
230653;16.057803631229113
230675;64.94453442209486
230680;5.289960396835301
230686;14.005870074053766
230728;26.587015015368426
230749;30.146189475192568
230699;55.418409351204616
230719;9.347820504277662
230736;4.532988421793543
230737;4.118520083726647
230756;7.0392766892412455
230762;21.856438508070344
230768;11.851308242989754
230773;14.675024980739243
230775;2.5101022888483304
230777;15.275034095985582
230779;1.0192425653644175
230792;4.388827392098213
230813;23.525106892413977
230824;9.963933975470956
230836;31.98873102347515
230840;36.633975635752854
230848;40.649376174324786
230867;8.260221394149193
230869;3.4076642156727717
230905;16.19600439468581
230917;10.827352644061776
230919;20.115702857105696
230922;9.542900124186785
230929;16.42962780352199
230930;33.490046308255
230932;19.765202221912705
230934;11.100557518021812
230935;55.28784117942988
230938;16.45685917617381
230944;148.83642472388178
230951;5.258333556818221
230958;1.0368262168456486
230959;13.928098058933925
230981;7.84880995672831
230987;14.14914563301916
230990;11.03036417991726
230995;7.7130025503012805
230996;26.357202246747274
230997;6.757184252276446
230998;19.257457001403836
231024;19.37114757905055
231040;21.733656341041776
231047;18.616625053290417
231045;5.424294621391331
231048;21.18264899361424
231050;21.3781550520551
231051;6.193829587499342
231061;2.7291489946261587
231067;12.155377921808928
231069;9.07385393711415
231079;0.8298589685186543
231080;3.818379518924502
231081;8.383615333552497
231082;1.2028080554309675
231100;4.528247641033585
231102;37.717992579795535
231105;1624.007241490643
231106;14.266825989364781
231107;10.396323691809641
231109;16.8473903334283
231119;12.967536748718949
231121;17.98259499776921
231126;12.813402525377473
231128;11.60462015845501
231135;10.148738167325554
231143;16.331487418921842
231152;6.175043430074774
231154;3.537892625633762
231163;12.161251176007621
231167;1826.2840342560714
231180;14.761430774557434
231183;10.809594516711114
231186;2.24113296573833
231188;36.9458859041269
231189;10.627225163946836
231198;48.80072113839287
231201;20.193857768869144
231202;51.74066859131016
231203;4.664423638765527
231206;21.16990292952898
231213;12.851478998657766
231216;21.606966225027012
231217;9.978998524889054
231218;22.75320873765711
231220;31.707650911878034
231221;9.66403644373499
231224;27.71725290448956
231226;37.35905785947649
231236;20.290039831147936
231237;2.3635876869978905
231247;27.222518718392976
231315;32.43717281099815
231228;5.866242123077931
231249;14.020220864289463
231250;0.369777025134272
231255;17.717813063068757
231258;4.5032245248227705
231261;5.830542509667049
231262;5.8579871076485235
231263;26.315624234852958
231265;7.227628114603819
231266;38.394383387049174
231283;15.531661446091011
231287;9.489397681759641
231296;15.334503782195002
231303;30.518951910539254
231312;9.8590053681272
231349;20.133557400133537
231334;3.3444510377544647
231341;7.77523612508659
231342;9.574548738638288
231343;18.416187703058597
231353;10.851643749067875
231357;3.4631563471690128
231359;23.91854810573154
231362;1617.899541223976
231363;0.6955336086694074
231366;5.137829840654739
231374;26.41451915923486
231377;10.532853959649392
231378;0.7191250337906806
231383;10.173273248270494
231387;12.347745101044168
231388;8.440646228208717
231389;26.1541570992645
231395;4.5320375475988
231398;31.216106646539778
231403;1.568137554512779
231404;24.13687182319114
231408;5.606553375731823
231417;8.273497932089573
231418;17.636056438997507
231420;5.803910369430819
231434;1875.6979531572802
231453;12.30906078460252
231458;7.964243981673352
231459;20.11895848047297
231465;2.562576963910872
231468;52.2892290502618
231473;19.20210530888104
231474;9.268741029631299
231494;14.608428343286725
231481;16.588107385310508
231513;32.8519260802571
231530;28.98750085078855
231540;88.5563907973471
231543;67.84385298026046
231549;6.675817815680538
231552;17.72708039822978
231558;10.533935491538315
231559;18.659513892391093
231563;21.23016137267917
231564;10.53485621014091
231566;2.4355701777496104
231570;36.27570018744181
231577;0.9627597874508173
231593;25.864921576589662
231594;21.684807259776782
231599;32.783186842052956
231600;1623.9362528542067
231597;2.840415213711982
231607;22.2640516218573
231618;10.496820199156158
231637;6.332108306983249
231662;17.91440335999891
231648;3.3833073745930737
231649;1528.7075740327946
231651;19.063449847993542
231667;6.5638227594527905
231669;50.4080707877434
231679;1.6923051970119862
231684;9.517535285567313
231699;1.9442881123238325
231717;0.931580866548377
231736;17.324420971738878
231740;1.2498974103126357
231741;4.527257198120948
231747;11.840855152414255
231751;13.13514416081388
231752;3.607909472431121
231767;7.432228496775974
231771;9.380245761016589
231773;3.484769906178392
231815;27.835152355021943
231897;407.3742744119799
231848;12.332733381427941
231849;9.144948667692201
231868;11.544839643662838
231875;9.031066898085584
231885;8.254857649136179
231886;26.574411860690155
231887;30.68994538077075
231888;26.796705208873462
231890;18.331293859217315
231955;11.043104695877332
231965;25.03523374506046
231832;7.071114104580519
231913;11.961572784059525
231915;1627.5432600599725
231916;3.4349280002722895
231918;7.761778067733893
231922;10.72212713529565
231924;11.886917332275184
231926;9.699771595627894
231928;13.125132529586658
231822;1.9311883603364985
231826;10.965774494319316
231827;2.6643752640625062
231935;26.599793566409485
231944;29.878304217633314
231948;3.0500938552996555
231962;4.862431474064597
231979;5.58122514283025
232001;0.4975214646909817
232002;0.8116893181502687
231988;26.67241452542854
231989;14.869230204955208
232006;9.877189817361891
232045;17.678007128449963
232032;19.95353554265661
232076;24.551573578305216
232083;1.8709441616050237
232093;18.21197511480644
232095;7.708396780755566
232100;13.372230868187367
232103;8.993705760165902
232111;23.30812488879018
232112;23.30812488879018
232120;15.569176766961577
232128;43.66064074603622
232143;10.052810257378944
232150;4.887240666797158
232154;2.1565109160887155
232171;44.57536800154739
232183;7.938037899501562
232185;30.168976661775883
232191;28.30063745812827
232192;30.87168909547602
232195;49.78657859097221
232206;7.518656168952311
232199;20.851428628232238
232200;0.26012740635064235
232218;13.559654886982193
232220;19.935488946998106
232223;20.42205555585816
232226;16.26799066675169
232248;3.6922222354013177
232250;45.159046435713265
232253;10.108727126965302
232255;20.78242792686518
232285;8.630613888191832
232286;9.011675770541865
232288;5.003801384483346
232290;8.238911046938949
232291;16.787627781356896
232296;10.265462675048479
232298;9.768158171807961
232301;4.633701564291247
232302;7.084303071334781
232306;10.884889070905299
232331;2.107789938991924
232332;12.129274657389264
232333;34.88218158267815
232334;16.918736230609674
232341;23.607339167258047
232351;26.70938431319284
232314;52.30909048451518
232346;15.681701755962145
232347;10.140501866313215
232354;1826.3088048675122
232355;20.684185332719025
232361;26.862427317864675
232374;18.664683575543823
232382;9.495262409372728
232383;8.079090086816862
232392;3.2408927226286415
232401;1.7102362643606028
232395;26.48507024101831
232396;16.400125281602712
232397;23.453582766772332
232399;26.23755125905641
232400;14.689320948739445
232402;4.040003367693834
232403;26.722743451320326
232404;41.04666338978582
232425;38.633951838758016
232429;22.809634194649423
232433;26.60044793802493
232441;24.754339878217742
232444;7.4717190750912135
232449;10.290340106046619
232450;14.76013230302295
232458;3.028894652925204
232470;10.946997900931704
232453;9.566002322201347
232460;7.328102966174534
232465;13.620812041943287
232467;3.3499895641826103
232482;32.45642441901832
232483;26.1705292668144
232486;9.997388892917325
232487;31.676728526326723
232488;20.89140304390422
232490;13.148844179285561
232516;34.702487645529004
232519;11.434580093569583
232492;8.35323040355393
232498;2.963157745833512
232512;3.0816112980267563
232515;5.998266898622786
232517;3.0540619567306115
232520;6.548239183818188
232526;83.2179142249982
232496;3.8635880583488054
232497;3.155853702489395
232535;3.489072237872613
232539;3.6251410173750784
232540;28.98750085078855
232550;4.057885689298208
232553;16.86809667359109
232561;7.833706120958544
232562;21.785933339114184
232578;6.522099258559188
232580;25.724769514608276
232545;16.89672387183639
232588;3.725857551496641
232592;11.87057160760791
232589;45.06469846562174
232596;33.14209845633212
232600;29.29580774377226
232604;15.887303695404203
232609;5.319347611238062
232611;8.869414412209943
232612;5.288682583693332
232614;43.971270286678205
232617;28.049106992960866
232619;6.793235325295305
232622;9.848360546903997
232624;3.214376427537361
232628;5.676482122839681
232633;1874.3780665232607
232634;28.56923206534194
232635;16.873853976525922
232640;4.769422158460215
232645;7.450053383308097
232646;22.568278954388674
232647;14.093696394033737
232648;4.174997304729934
232649;4.91243147592946
232655;5.748692781219545
232656;4.892269327930535
232660;13.271212543133867
232677;2.840415213711982
232688;2.0961345319209097
232695;21.81903472837626
232697;57.998947933279304
232708;20.706358105782808
232724;13.171653290922713
232735;11.13175258265372
232739;5.275525774242601
232726;16.82835782768011
232740;8.391809674048407
232746;16.446104014100417
232747;8.04210244399709
232748;23.77702563373764
232752;13.846109097851278
232762;2.3971307070992873
232768;2.2763831369285814
232788;5.721606743355284
232790;10.17939315409013
232791;0.49748388737018956
232787;6.294775840943684
232793;1879.5257517674659
232797;15.507957175063476
232798;1616.540065700678
232801;12.991695932210268
232802;10.51039134081148
232805;17.699422592457292
232806;13.100118724869706
232818;9.011675770541865
232823;31.773065021869417
232825;3.53356604711429
232826;1.5694136533113314
232827;10.617542832414589
232832;27.930918937265513
232845;7.8539476451157615
232847;6.758592758142138
232854;29.957910761670174
232859;1.4306630763671613
232871;14.571400764607464
232874;14.260213782220893
232877;7.103473344511373
232890;9.982080336914791
232891;8.099393611090553
232892;18.567503164164165
232902;19.447869910445434
232908;10.379800393675104
232912;13.398257042724774
232927;16.686268686073888
232930;1.3124519012643507
232934;33.019514459334786
232939;5.825018309819624
232942;2.353754751525144
232946;416.4077870655179
232947;6.417996161303596
232949;6.736583517913613
232953;8.506042073895223
232966;6.694207073138346
232971;19.08054294800412
232977;8.752477104485292
232978;7.292732016382795
232980;13.0459163786698
232983;10.924565104551936
232984;31.844133760934746
232992;43.43231544659027
232994;13.593814673939846
233001;2.791548827354908
233002;19.5623125967537
233004;29.216600381620903
233006;31.19176582207169
232989;32.93748993684006
233019;4.863821102874998
233028;3.5484873424411965
233036;10.070559961009517
233038;9.907410823227332
233041;5.458029055056333
233042;12.961775269146212
233047;0.698457281614584
233055;25.307412549318926
233056;21.339012837015716
233057;1.4607433204951217
233034;3.986524382860396
233052;1.7543069058337968
233064;12.779968627975741
233069;6.7827228198483684
233080;28.829033843079582
233088;4.433994589633489
233089;12.97847342005387
233090;48.376135738848966
233091;4.373627430079511
233092;26.364886814506878
233098;21.570836256968892
233102;4.099549178186383
233103;7.200202669914707
233107;20.370117972985984
233109;8.264875065010909
233116;36.65553352484006
233117;34.29843117763386
233118;31.554588150610694
233142;230.13369290682357
233129;0.2943065572701709
233133;6.470201939504347
233138;25.24154920500387
233135;9.703061163804755
233145;3.80502059943622
233148;15.91574503709231
233150;9.848242426292726
233152;3.2763473815399475
233159;20.14785404380837
233160;8.935697746927948
233161;3.754012487977735
233162;2.056248037704408
233175;36.204434222786446
233176;6.2845247425534945
233180;33.73406856271324
233182;11.450799746182152
233187;4.839144824845572
233188;6.754279336641942
233189;3.765508630632169
233204;71.07113949396431
233205;6.8719504935949125
233206;9.162982841541032
233208;9.565397537355706
233229;8.549942288405308
233233;8.091681699773938
233235;10.885862338965705
233237;40.24645765177884
233240;4.322937412460336
233244;29.09266632409916
233256;11.844465428785005
233258;30.756073024405865
233281;10.583876073410732
233283;6.629631016694658
233290;11.357076978558526
233287;11.789294243237524
233293;24.235675005838157
233294;9.103061167792372
233302;19.303797201567164
233304;38.93304758643816
233306;10.743401297028134
233307;10.746403800567181
233313;9.97360987644243
233315;9.927141501494447
233323;9.75827261002938
233339;10.198891682447123
233346;12.754937610686062
233348;7.666686078183042
233342;11.942458157024799
233377;12.714978149238283
233363;10.899611368343324
233367;4.802070290430676
233400;4.483223937001257
233379;30.703164573143283
233380;31.735647862848307
233386;23.362790401220952
233387;8.936588453007637
233392;18.466983389640326
233393;23.878775745320592
233401;13.512111673699124
233403;43.24609022444186
233407;3.9024671869379364
233408;12.614891454480254
233410;22.52825722143166
233412;32.71334235691766
233415;24.74083354900136
233420;18.7416980076333
233421;21.6183228104443
233423;22.253685074410523
233429;19.655606999385913
233431;14.375296608229679
233446;30.139223971096225
233449;7.368402633197488
233451;10.527006702703641
233452;16.707903138657485
233454;10.280624417031985
233455;23.58983139350246
233459;18.1976323702836
233477;13.766720978488774
233476;13.284407884219263
233470;8.979035535799744
233472;29.840554553173398
233473;14.546376324497803
233444;13.159402031929199
233462;3.33589702262273
233486;51.607040349337204
233495;12.055072621758264
233497;5.476614099525828
233503;22.626987573875155
233504;19.40741894580718
233505;28.28592343772905
233506;18.832685570010387
233507;29.23631374277483
233508;28.56538232235811
233509;21.71333386110057
233512;36.08352535258707
233513;13.1272561102983
233514;7.543235162133342
233516;24.95881445884654
233517;31.60044954445492
233529;6.696040851232128
233530;8.134605861539598
233573;9.840906349305465
233574;5.423126489264961
233537;58.2167055288787
233542;19.621740441883684
233544;38.989293882897904
233550;13.661593597761929
233556;14.012458116418351
233571;46.99593230303942
233572;0.0
233562;27.514543819818904
233563;15.866119524977439
233564;15.218326984688458
233604;17.312857086458227
233608;10.168207759988025
233609;28.217336362715862
233616;10.430446456395623
233618;5.179049852696564
233619;31.070316327456723
233622;28.05524167512992
233628;13.542124185436178
233633;1.290804165520627
233634;5.786882500092095
233635;4.758525958525291
233641;4.9128739814706925
233642;28.027065101730933
233643;10.686720246274627
233646;2.5773612946276288
233648;6.204233747093622
233657;16.335361699692058
233669;16.559287238615934
233677;9.619270949515855
233680;12.102551056362277
233681;14.164720866697968
233689;28.0409785986577
233697;28.894219062169498
233700;8.116075301549666
233702;9.688029754663102
233703;9.974207848958857
233704;15.243900040869793
233705;6.915817279796671
233707;29.124519205902853
233715;8.492732198191128
233718;7.553908968772272
233722;9.346697503879412
233732;31.846619172684825
233733;6.70502572023291
233739;25.433590776185675
233757;6.948888801759066
233747;6.195703950885107
233753;9.054207964752495
233755;14.11190166528026
233766;9.095642373056188
233785;11.466842932318423
233801;1.690727131921956
233814;20.327245822086585
233815;9.088751527303096
233818;7.440700423819968
233823;12.257284373815244
233824;5.663031036407781
233826;20.97245979229694
233827;8.958192463491534
233829;27.524098080466775
233832;8.124018537459776
233834;7.343061590018218
233849;8.655203738428627
233859;19.622052611989417
233855;3.761896659018489
233862;18.843799357247317
233863;10.796189748280492
233864;5.58653802839945
233865;4.2885585701631905
233866;3.391718057045954
233867;3.133919926197597
233868;7.599625590772453
233869;17.672545508894494
233870;8.888794198129256
233871;8.583715396341288
233872;4.659610202243492
233874;11.48777650761287
233875;17.294572879129003
233876;6.348682787920168
233877;3.589200357882924
233908;4.575819135148785
233913;5.738016710755683
233943;0.840065188257709
233945;1.0201040134643313
233946;8.867824439446704
233947;4.118520083726647
233948;8.022666230824658
233949;3.2577179512456964
233950;2.3951174465370157
233952;9.300893242663605
233958;3.1336271808519673
233963;29.516768661037258
233980;4.881064927733993
233983;1.7745964011207744
233986;2.9464380073959373
233994;1.724652363199369
233998;0.24578052832722747
234002;4.557465295470019
234003;73.32434050485867
234005;22.86471678483526
234007;10.349218275260798
234009;15.19968483375724
234011;7.194648352233005
234015;12.138070314407988
234017;4.15462225384291
234022;10.063362991572939
234024;2.0809081917762597
234025;6.482587928763979
234027;3.709762484789607
234030;19.84566886498489
234034;6.077013213023932
234037;35.627088649419804
234039;5.65615935138752
234041;13.200691031413806
234046;5.509686241534326
234052;3.653906818353791
234053;5.5150686938126325
234032;49.71677355157828
234054;26.265161765248234
234055;28.975094031191556
234056;20.191699410894355
234060;11.07934634732984
234067;3.539177044177992
234068;13.552723930714697
234050;2.379163288989398
234063;2.824506305087307
234069;0.7735732851483457
234071;3.943683431725438
234073;182.7972414540931
234074;3.815020224427548
234080;5.168021405170744
234087;4.930388987411717
234089;16.766864595108235
234100;8.156547140403825
234094;1.7989356151821803
234105;6.105618570290853
234111;33.925437602909476
234114;10.309025361919154
234115;14.554006412120724
234128;10.041744847503116
234134;6.051302457774184
234140;10.51378879142298
234141;19.239859934414035
234142;34.49196814898834
234143;30.603873081492964
234146;15.662004904194944
234147;21.851778561258428
234150;3.362360663445149
234158;4.789076212545232
234159;25.985049148086535
234160;3.433184668267711
234161;11.80567690958326
234163;6.8828655583241325
234164;1.92459487829329
234169;29.99795716992111
234178;37.31424126517294
234180;25.34368917360775
234182;6.418546670359589
234186;3.1862642389442444
234190;0.38454771623314526
234198;8.182474290434172
234207;2.384528271095099
234214;18.175359201331585
234222;15.25560018459158
234224;12.86150456385102
234225;6.482990573643344
234232;10.003593979618875
234233;16.850075246244103
234234;16.227878238062743
234235;18.419792515664035
234241;39.869650743318914
234243;5.3708858178167596
234246;7.1027673359922785
234249;9.972311173820168
234255;7.698860259966522
234258;2.7511212912425504
234259;55.96608834238736
234253;20.38597192353406
234263;17.212396529179465
234265;41.911311329245315
234267;10.305104746818218
234268;6.422650830607384
234275;6.060897223231357
234276;4.643191970470424
234278;20.02182514945044
234280;1.2136801510971198
234281;7.051773671503989
234283;6.4270120947453115
234287;30.78203418899831
234288;18.498991933508655
234289;7.331229337038693
234291;15.93721066216719
234294;12.070405685761031
234295;2.6981537028640274
234296;26.05235866000174
234300;10.84853175024025
234301;24.11866977315801
234302;27.699360238113325
234303;7.228547911138507
234304;13.939274321223449
234305;8.247508031447877
234306;11.706944489946986
234311;16.05646727175671
234314;1.1348149538901227
234313;6.508799207761476
234315;5.936969614192653
234317;12.709333052003526
234318;18.80924599199188
234319;26.592619540866668
234320;7.571842647745485
234321;5.430106601380546
234322;6.031742892221106
234325;18.998367800402814
234329;14.37315846621304
234331;13.048182334852797
234333;20.514311531266856
234334;14.926488271127647
234336;10.762433719187712
234337;15.192265034648308
234350;18.207495616828638
234340;10.423648500115748
234352;4.009695238781767
234345;17.596332817181004
234347;1.455460097273985
234348;3.8190467785798012
234349;8.023423316128149
234353;16.40281393425619
234355;27.851865887004433
234356;14.138136312096252
234410;7.778130903293119
234412;12.343649302134784
234367;5.536408607076291
234370;1823.922805665205
234389;18.949529554596523
234391;15.595630571356333
234415;3.7936752089218753
234416;7.928942106811292
234444;19.064931360615653
234431;22.35844266277027
234432;14.404632607091273
234435;20.439166687640824
234436;29.057499186294113
234437;19.101788140907733
234438;14.10357109785205
234440;6.330228162763499
234443;14.101944335362935
234445;10.690781459938247
234447;8.406361286810307
234448;14.028511711288797
234450;30.801524516620322
234460;6.398557262545142
234462;22.894538617263414
234464;18.01982744861961
234466;17.11405530188779
234469;14.27574016040924
234472;25.73455957143172
234430;24.498845016417448
234452;27.507092580287157
234458;11.508347556043057
234468;23.87395959483696
234473;6.521678729214262
234475;35.05956362604572
234476;10.769051512317384
234490;14.843626374449306
234491;14.885653719521345
234493;12.208718519660774
234496;27.592675346128612
234503;1862.0291770048786
234505;24.42933629389617
234514;25.475376647230753
234521;10.447973818646624
234522;16.431739099673045
234524;11.129738647165475
234526;4.068424822404844
234529;5.8702527786047165
234531;25.384419926500126
234532;8.925118542696524
234535;34.56749629595213
234538;2.4042963424368438
234539;1825.2877043681792
234546;1.5502605897546584
234548;21.210471887688115
234550;465.8596411266266
234562;5.328744002204751
234564;7.422104627127434
234566;1.1822973487768076
234569;33.10338686588277
234572;31.80338972211093
234573;10.116161780930298
234576;30.828184445790527
234577;2.4412143724142616
234578;9.714668521756563
234583;2.093385117139348
234584;21.797914649284422
234585;26.45271443116245
234586;4.871980910889094
234587;3.274012973588909
234592;12.084896401038128
234593;31.426641042003492
234603;16.06197891810515
234604;14.939942652335342
234608;11.466451781266096
234613;9.597256980799267
234614;24.221797337752747
234617;21.43995832439794
234642;27.00802355114377
234643;4.017161333774507
234644;17.855367051985347
234649;21.243025908731777
234650;9.473611938371594
234651;3.512223884257319
234655;20.509469625861684
234656;22.678204734296667
234661;11.934916078713528
234662;3.62795280027273
234663;5.37373780089841
234669;8.413660426722863
234670;13.730374922009078
234674;11.918908981136482
234675;5.59135386202054
234676;8.613551092268022
234677;2.37433408738117
234678;9.05236684640334
234679;11.532430182524708
234680;11.90203202892113
234685;2.667828836011787
234686;9.887156962987525
234688;5.0371303188716645
234692;26.97742843746762
234693;0.9758615910295935
234699;355.05297710157055
234701;9.861071479704835
234703;10.008754492918744
234704;25.360848802762273
234706;16.42170079752523
234707;3.639680993206687
234709;16.37430424225072
234710;20.80291341495156
234711;26.586278286162912
234712;56.73643992791816
234714;20.087887457551595
234718;40.104306150678035
234719;29.344030759973
234722;12.925419150515909
234723;9.969199654358148
234724;2.7342186478236075
234725;12.607457249490814
234727;12.737404795320696
234728;47.255273306205375
234732;3.211747042407803
234733;17.609312987792148
234737;105.2009518173809
234739;2.598815364405512
234743;8.659850363515508
234745;9.519069799503997
234746;27.220249474610103
234750;20.82515665683364
234754;14.194297131032572
234757;5.769551806142274
234762;15.270742511309727
234763;4.2302749532589585
234769;35.669758934876405
234771;10.300406841752118
234773;27.875063019288405
234774;21.705672106821602
234785;4.244177029995937
234789;23.70415723480493
234790;1.885912713978188
234792;15.284956742785866
234793;10.812125240049673
234794;9.698767258502485
234795;220.387363569605
234796;10.76837697185961
234799;5.566579031113678
234800;13.629866764196397
234801;1.2834292760178743
234802;36.0757739870991
234803;25.025298306225668
234804;8.583031958423321
234806;1819.3218155035343
234742;41.024053513264676
234828;10.079549176377583
234833;30.13785681650617
234834;4.263581851651901
234835;14.309858256674405
234836;16.180324009774676
234838;9.263842392041697
234841;15.590628577762507
234846;22.154067568799114
234848;12.904330582838275
234852;10.604471372967831
234856;14.089263032762046
234857;23.67544071485244
234858;5.645807221419622
234859;27.312966446772286
234864;3.3858479548253353
234865;27.152441039066062
234869;31.294558895329317
234871;51.986868638113094
234872;13.166261868973855
234874;28.40244463595844
234876;5.513968346755784
234881;5.533124013516341
234883;6.815898560378032
234882;43.39991246622338
234886;7.733412493800355
234888;4.630356581163904
234894;17.784791384990303
234895;90.28968144953913
234896;4.259910689784214
234897;89.72387039493718
234899;21.742039618979383
234900;13.406389165989896
234901;4.743022472731819
234905;10.538008260840508
234906;2.8758490818881293
234910;23.827810236544348
234911;10.387219547407218
234928;24.12494873195709
234915;16.398286050374992
234921;16.811669677765956
234924;0.9459081824555505
234925;386.069658146258
234926;7.772129300703523
234953;19.31643343433434
234937;31.93257578589813
234942;7.278227240083889
234945;4.177387897686558
234948;14.86351587825764
234946;7.963992316224191
234947;11.231403009568954
234949;8.19893409758558
234950;5.153188782518424
234978;7.894479352711089
234980;9.462658258898808
234981;12.479149514802062
234983;5.131143656372442
234986;5.401183155805599
234987;5.34623813671525
234988;3.5016210679472186
234989;27.975956035214217
235003;6.979488209541544
235006;13.17677296482032
235011;3.3099818489902137
235012;19.60674486257803
235017;3.189525261224626
235019;40.47777905917852
235022;7.154789495757301
235023;9.985980519431624
235024;16.04487594383304
235025;14.183800321126933
235027;2.3219861368538446
235029;5.545957874992867
235031;18.292440915881908
235032;0.33800582383918265
235033;10.313539653663955
235035;7.439855741394868
235036;8.645499314284804
235037;9.228231885577056
235038;0.3024133177624043
235039;6.581180177384677
235042;21.8389608242535
235043;40.84303645284101
235045;1.7894268658333214
235046;3.2737992950031782
235049;30.39340713702085
235061;7.0150623769572915
235063;6.522351700864576
235065;33.58875102846211
235066;2.474618716255379
235067;11.820364989946125
235069;9.493783283113551
235070;2.3665264774378807
235073;38.38046264550022
235075;28.147146721741645
235076;39.931030435022514
235078;19.08802113211561
235079;18.818524973158258
235089;29.62791163307953
235090;12.225700029575982
235095;13.958399399832038
235096;8.264156147056028
235098;14.721623048732823
235099;7.634562476513281
235102;10.742773920463813
235106;5.637193919201861
235109;46.46458502101507
235112;8.604780158842402
235113;7.138654237289898
235114;16.092017688814572
235116;13.699451142566271
235121;9.833856081818363
235122;11.208306040149559
235123;8.489022427035767
235126;4.282185971749275
235127;13.075966732810652
235128;14.384529834722898
235130;16.667457065733423
235131;19.679299296993847
235132;4.805483574249023
235133;9.407016586255228
235135;14.052776517845903
235136;2.4148582828071308
235141;10.510818374906975
235085;8.375962495426318
235142;3.329656838534657
235143;10.978596098914032
235145;13.880209797258019
235156;12.1026318568173
235158;6.36888846080826
235152;4.185753059659996
235154;18.257864230128376
235155;12.268819915941688
235162;22.272677599313752
235164;8.55731372773133
235166;22.002444129858286
235168;31.375694714462316
235170;50.967110769522805
235172;27.131224169397285
235173;19.32459708118131
235174;24.393949830834295
235176;3.076050270144826
235178;23.404475821952882
235179;18.195711747719585
235180;0.1912771496726994
235181;15.893822678510054
235183;16.058231501704643
235185;22.27207692477004
235186;32.304652104129715
235187;26.921166271983076
235188;5.921969207798187
235189;24.1806217473056
235190;3.249779965353993
235191;3.6086280317970654
235192;9.501837738367103
235193;7.20866438992509
235197;12.60889876691301
235200;5.064783065376389
235202;12.6469586848201
235203;5.486117091220037
235204;9.884412570941317
235208;13.601400305328374
235211;2.850938741459865
235214;1.5271924192620314
235216;17.09572383765529
235233;13.699451142566271
235235;6.317334837345011
235236;16.47804813437603
235237;39.720010562038006
235238;5.802032700763974
235241;5.29481171674169
235243;29.93550685881731
235252;17.465940458661073
235253;14.57874089700403
235255;12.00640060311021
235259;11.747512354136289
235260;6.698470910197573
235261;25.375614337389713
235262;6.625133361908666
235264;8.646479429415415
235265;14.358623221518803
235266;12.057146439940642
235268;16.54244149312092
235269;21.60407553993845
235274;4.626443703327004
235275;12.91521705699751
235276;19.484602974929363
235277;15.08463761416631
235279;3.5780597618387833
235282;38.90064890807914
235287;7.271347181828526
235288;6.56771038416521
235289;20.218124220521677
235292;25.301094467135826
235293;1.7082312903594592
235295;10.74856129118287
235297;10.814860543848287
235299;23.4041879186398
235300;20.97802434769277
235301;9.811340430687135
235308;23.5191775526936
235310;13.556439333683139
235312;23.95422255609021
235323;17.067110360511624
235325;429.25822138878766
235331;6.15615401987287
235298;8.866088538342906
235316;10.193659612174093
235320;21.68758409467527
235326;10.841934918795094
235327;3.2615763841016654
235335;18.914161076558745
235334;19.34081254936793
235336;4.149262018892039
235338;17.33199588555159
235339;10.773627039406287
235340;1.1596364686940905
235345;6.837958866938057
235347;3.6362683833198677
235348;4.0484680356616085
235349;3.1092633120101025
235354;5.767772474181383
235355;6.14902740516818
235356;4.065670886785373
235358;3.909388741328973
235361;11.225465996856524
235363;1606.8196871075295
235364;3.469809939402323
235366;9.378402292273446
235368;32.95697554320036
235369;12.15732654355917
235370;29.56894828784906
235372;19.556912616619613
235373;15.724683321753112
235374;10.58472004403308
235376;14.474986314464152
235377;15.586645266020906
235378;16.43555636685589
235375;16.179945501001367
235381;22.176757992739027
235383;7.89332430679565
235386;11.07091077745974
235401;16.17246411161812
235399;7.058181484856821
235400;10.978673735944318
235409;21.162747835689753
235410;0.7862508091465946
235407;6.701411035036399
235416;13.036497152388838
235419;22.045212095662045
235420;4.701190433028736
235421;18.635312327211587
235418;26.87796578581703
235427;6.955434495325502
235428;17.507779575062564
235424;13.613379999314388
235435;11.12108458096011
235439;21.3547773761719
235436;26.73325947342408
235447;22.08890025794674
235449;23.242751384663233
235475;28.55576734818715
235470;6.444448723868957
235505;22.687317975429156
235512;46.159133043512554
235521;16.761847425711615
235523;3.5732691104770633
235525;1.6315400028593448
235526;5.969963382753268
235527;10.344074532528822
235529;11.682177010360572
235555;16.161522297212326
235581;16.240922538440934
235586;12.496303700600338
235591;8.082081476646243
235601;4.352655632515999
235606;16.177507707616535
235623;7.491703348749221
235624;17.20547250058099
235627;549.3929295848733
235628;16.26494301255554
235629;22.865798339419275
235630;21.071359341983538
235634;16.832475251185905
235636;11.13387490757382
235637;5.0733139877391995
235411;12.239172646596113
235426;24.926846182134167
235431;13.492975003514191
235434;30.01127085364541
235442;6.136347904092792
235453;7.280665318891177
235469;12.729027176675597
235474;26.493119583761953
235589;34.43358426006877
235603;10.101890864392768
235631;17.140736734994107
235632;34.971500802382
235641;26.457199722696743
235391;19.080869309611757
235398;17.397796429740588
235414;20.984082333319954
235423;18.713409220119917
235444;9.061727673711605
235452;5.832405767639753
235460;13.748109592092051
235464;9.616448549980156
235463;17.709131786963507
235466;7.995941057218222
235473;12.779375951487205
235472;0.6373283572215753
235477;7.99309672867862
235476;2.8046290205680418
235481;27.219421016040936
235484;5.178197347428612
235482;29.015096253251482
235488;3.0003952441058885
235491;5.149521601632709
235493;25.45720255275328
235497;10.18139299045798
235496;11.499437378397706
235499;18.389694076954253
235501;11.30040429369714
235503;18.13366268940262
235506;24.84195835917518
235509;43.29487802362962
235510;28.825424631117492
235511;9.056908010731611
235515;13.663161675105103
235517;13.525879767831496
235530;18.161743792990702
235534;18.620747438293172
235536;8.166252467381454
235538;26.700121448710465
235539;14.338152801836024
235541;13.117859513095727
235545;6.200814152620863
235546;13.879128402581227
235547;21.160682618863238
235542;12.460680058535853
235550;10.631208434198275
235549;9.394324900059194
235552;9.892000606129944
235554;30.671673081237856
235558;11.361394799276688
235560;12.922965224630872
235562;14.7735558039994
235559;8.622043544022397
235563;15.830443942808968
235564;10.54295141571012
235568;4.274053548868836
235570;182.96773394511126
235571;5.580054181106343
235576;12.380299473525982
235577;14.739064620528872
235580;4.3467824204015875
235585;21.75642014264675
235604;17.46766839543111
235612;7.143341592420142
235613;19.263180517719842
235617;19.582181770398
235618;16.565981927802827
235619;12.845002765386507
235644;12.9302823676294
235646;5.277882054398438
235647;7.7163773623001495
235649;6.326752214931335
235650;19.972051781807107
235657;5.804132935827689
235658;11.630753180154425
235656;21.38027578385822
235659;11.192643800626346
235661;11.845960540520238
235663;8.199156564862237
235666;29.795065413005926
235669;11.399115764571146
235670;9.443603732980552
235672;15.63314045494323
235673;4.1089263850079565
235674;13.024327345372754
235676;21.256651469286986
235684;12.962430280421891
235686;11.91627421486955
235683;13.954601422625336
235687;5.470450868570176
235688;20.806675905791327
235689;12.9302823676294
235690;12.783328660690254
235692;9.119146305707714
235695;2.8910395428065314
235696;10.411258751084548
235700;12.160900377051375
235699;2.077181489288499
235697;20.38130438738832
235704;11.778203192481486
235703;19.131889792441072
235705;8.993881402051256
235710;29.319232564992006
235713;1621.1931853757726
235714;4.367006825865936
235717;24.689156799297876
235718;13.657914634892037
235716;9.070195853295735
235721;13.49693671705114
235722;18.325640075491904
235724;19.084299700265937
235725;11.70926143398792
235730;24.62540128404583
235731;13.173641395581933
235732;24.356845300105523
235733;20.816310386595145
235735;12.098107344938567
235736;4.43459366598068
235738;10.536383775840486
235741;14.717923061275954
235745;18.354607516922492
235746;4.0372673895477895
235747;12.893770311993942
235749;14.939650859491653
235754;10.588147854822559
235755;15.569532835408998
235756;6.432243462003165
235760;14.151732682767387
235762;10.179303917057968
235767;2.1659971469203256
235768;7.161464130081571
235769;2.4083420800546254
235772;5.884889886936669
235774;32.836817192918254
235775;4.850634842255647
235598;9.418420070162231
235611;1.2201221352720466
235780;3.17729698179606
235785;9.64728944129414
235787;4.453003238475431
235788;29.17684462448607
235789;12.99103004705282
235791;32.70281855771245
235792;12.780268458018865
235793;3.4663350696815356
235795;11.018849780272395
235797;26.29726711791764
235798;9.602319362801456
235802;8.388539177076142
235803;4.608730941808615
235804;14.0320748805983
235761;1.0563979175988996
235809;1623.32891107882
235810;21.862349885316185
235816;13.719864823935687
235821;2.7411192030796645
235823;9.147068096437517
235758;5.287543988326759
235759;5.549296568759694
235811;8.524868460175307
235814;8.113887533944885
235817;13.06512504990705
235820;15.05228492201571
235833;14.74587174026866
235835;6.394612816301689
235840;12.94341871063934
235841;20.35794519373545
235843;40.18517522899135
235845;1.1006771462864233
235846;36.1838055966818
235848;28.748317506329357
235849;28.84150603620617
235850;30.534972280969626
235859;36.067114149393475
235860;13.679221978927034
235861;24.180117657980194
235877;15.233339551699677
235870;41.335724052452875
235874;40.24123264391088
235879;2.1250627014390204
235881;8.069378079999778
235884;18.089240398657065
235887;28.14606094456723
235890;36.24987240260092
235894;27.794993761026713
235895;11.513148161916305
235893;0.790616223548049
235902;0.7358502445278529
235904;12.23336103134119
235908;15.24763678405146
235906;22.06530752608654
235914;32.142190997099576
235925;11.513148161916305
235927;13.721603020580437
235929;21.147943419306632
235930;35.954474529309564
235933;20.701113249081427
235938;3.1328712365435347
235939;18.266679889546786
235941;16.50266251610358
235945;21.629472493389382
235948;34.456432260892846
235951;41.65246920237734
235952;8.527286029791027
235953;24.431474174082233
235954;21.82093308897117
235955;21.769902614546673
235956;32.407990718010325
235958;26.129957996379645
235960;8.952365711866165
235959;36.23992686308563
235978;20.033087606005314
235980;12.643032325944327
236158;19.23247699246779
235967;11.746827208941477
235968;7.120029708821519
235971;6.756001962737236
235982;2.223119349698707
235985;16.657643506382836
235997;36.671702468433324
235975;31.81558211884138
235986;34.077579957580944
235987;10.099454447588768
235998;8.90880039478993
235993;5.686755394120389
235995;34.37303966506971
236117;19.945292034865716
236123;17.78630749088188
236142;1.7171516643782418
236166;37.95605132584441
236005;21.18727926154176
236004;14.007885641874175
236007;30.867791143549436
236003;14.061046090501305
236006;16.754896820974064
236009;6.055559246530861
236008;14.732618481258895
236012;24.897395846346207
236011;17.586857536065384
236013;13.103466413000644
236015;13.846728263680635
236014;17.869596307186224
236016;14.58289593492534
236017;28.534180613587065
236018;25.556727785022257
236024;11.302797951899977
236023;14.667905689170233
236026;5.359434083954636
236028;26.66184336701676
236027;15.42332904192293
236030;12.417000590491096
236031;17.795838487721664
236029;25.69500995410238
236032;12.675375767365823
236035;22.55485372729933
236034;19.24957559479532
236036;10.568619240408095
236033;13.003336671880739
236038;7.906499379548024
236037;17.823153550732705
236042;15.8387713621697
236040;31.727716155909256
236039;18.53078416872467
236046;9.032036376887861
236048;10.638932720868398
236047;7.885764019622141
236050;17.854274792805928
236053;15.829696913890508
236054;19.123442246676348
236060;14.270899899091186
236059;21.416187159314887
236061;19.937511855376254
236062;13.018238023632744
236063;15.116135294791963
236070;17.91892044089801
236068;13.341624218839733
236071;23.20331286874571
236072;15.766056427346205
236074;15.443571963084388
236076;27.329308075060027
236075;12.77014725926677
236077;12.160092200615452
236079;17.435957108368278
236080;21.13526573674953
236082;21.873772165413243
236083;13.706771198946424
236084;27.23385801917023
236087;9.3898926935904
236089;18.220934429964686
236093;8.58884073345619
236091;10.985768548198346
236095;11.025515872408237
236098;13.64364009497171
236097;1617.352382934087
236101;13.408756810694918
236104;16.399063962737166
236103;8.305701930698783
236100;14.696206039712076
236108;19.431959334876662
236115;22.522855608769955
236113;10.185107936367167
236116;13.043841012411121
236118;23.155940290047816
236120;19.19943652596931
236127;20.195411521044743
236129;25.761604238600185
236130;9.084691143058038
236133;12.32798203313265
236139;12.795413487594569
236141;9.203996888653426
236161;25.44373661357302
236162;14.40469089545838
236163;17.500821617225384
236168;26.486227428282206
236172;16.79981518846225
236173;3.618115272163628
236178;9.585773910320272
236179;10.821555794680496
236180;18.575842327224574
236181;28.05773367785416
236147;9.203996888653426
236149;9.203996888653426
236151;12.441830239997554
236153;6.862860822177482
236154;33.807845113323204
236156;11.483655036813428
236187;13.76635525082366
236188;1.5036552208517198
236189;10.303293633848424
236190;14.063871021303061
236191;17.993492256125407
236195;31.817747132666284
236196;88.2509957507014
236200;15.14220419081451
236201;18.251084568846313
236202;12.470383040866627
236203;7.45401861016351
236204;27.145225894897244
236205;7.264107446995473
236206;4.77781742859673
236212;27.562231911131292
236213;12.834062104468847
236214;8.269479610943673
236217;19.45943345637597
236218;22.76095147746197
236219;4.0612294666707305
236221;8.867824439446704
236222;1.5241878321888171
236224;11.431141251653719
236225;3.517858943008183
236226;14.450109017720047
236227;2.660564450074359
236228;3.231628623682991
236236;18.28916657080933
236238;19.021586748963262
236239;14.39140354235278
236244;8.867824439446704
236248;32.01272958132495
236250;11.683791637620537
236254;6.679607206201179
236255;6.185381268670553
236257;3.8433682654430505
236258;9.73805641539059
236259;4.432951397325357
236263;4.923098175881025
236265;12.594139524284406
236266;496.5146452055091
236267;6.836210695037422
236271;3.035010066318657
236273;10.182995155485134
236279;24.388476876459002
236281;2.7431943257596054
236283;38.82480784934788
236285;42.798639356134636
236276;7.98544424220382
236277;4.358295061518474
236289;1.905171972027188
236290;6.554432943513334
236291;18.590456249402234
236292;13.48012231620029
236293;31.14242910354426
236294;11.93780467877343
236298;13.48099858307342
236300;10.838165287261779
236301;35.51100570436157
236302;1619.941097105662
236304;20.08285506450756
236307;4.721472120052908
236308;19.217669609019307
236310;31.77292661391912
236311;13.94133582588072
236317;5.900810481478403
236315;6.720877959383825
236316;13.747492893661942
236318;10.168101579222794
236319;13.816356883023104
236322;7.734136504404331
236323;9.054024087950857
236324;2.390031996863799
236326;10.985768548198346
236327;12.862871476379993
236328;25.35424430130583
236329;11.789653263360185
236331;9.976373248168416
236332;5.216159881982926
236334;4.384419394417666
236336;18.568903837127532
236337;286.03889714631396
236338;2.2866860319789133
236340;12.347745101044168
236341;6.084197717360268
236344;6.985859078807043
236345;6.870777556205145
236346;8.171221264119366
236348;3.3727082298663844
236351;50.21117716046547
236352;15.500884346494683
236353;12.817085751941063
236354;3.36111115061821
236355;7.849271508602649
236356;1.449291199510353
236358;9.534657731649698
236361;11.198450187557189
236364;39.765156305875635
236366;43.742323086601004
236369;6.685152145850235
236370;20.766616937210927
236372;13.64189928498457
236373;2.4170792801756504
236374;8.913864310654565
236375;10.17548892975237
236378;2.4155646064837293
236380;9.88585956125011
236381;13.880744503106758
236382;10.944357088163152
236383;6.44297614352271
236387;4.318170748664869
236388;2.319574430952413
236394;1.2163598878764261
236395;5.618884595414757
236400;18.12613606181596
236401;18.914975672447234
236404;12.973345852285421
236406;1.0513352626537473
236407;19.114772255513135
236408;5.97958736142974
236439;9.219351008760452
236440;1658.3922817536493
236442;1.9756598901951494
236411;2.804758125596451
236412;13.178149320251318
236413;1.484475589163003
236419;0.9075237880529216
236420;4.197614224517268
236421;2.149042597836418
236424;0.39989373625167407
236425;5.022370529372831
236428;4.42848780460045
236430;1.4001350737240659
236434;4.360587525922903
236435;6.253725082815031
236436;4.084086423746396
236449;4.959870594667308
236445;7.572275341755031
236447;5.737763468779558
236450;13.073414399367852
236451;6.47741761744213
236452;13.04598715595237
236453;2.6705765859682398
236456;17.59377536503216
236457;1.9274562148014747
236458;8.523313682403648
236462;2.490524052025587
236463;1.8997246838718842
236465;7.009409854015615
236467;6.197294909423632
236471;2.044786317931131
236472;16.16107385908994
236473;12.76258982502403
236474;17.09275388016443
236475;6.776752026189118
236476;11.332836548044929
236478;24.582568489046977
236480;8.1316595947914
236482;28.109955312120135
236483;1.2937655809655968
236489;1.262410115054375
236490;16.476251535261117
236491;1.0177377741764895
236493;4.548505088502543
236494;10.652108222282843
236495;2.8154478219923114
236497;11.995530097722494
236498;4.434858284004411
236499;10.472793374387889
236500;11.429141749077498
236501;572.3499958144049
236506;0.9083495217165494
236507;15.691542556032338
236508;10.118767767743462
236509;15.691542556032338
236511;15.813023224337593
236512;14.554203515501586
236514;11.757341343945825
236515;1.9756598901951494
236516;115.2823634849871
236534;1628.1473558961768
236535;21.246836623329024
236536;2.7906619124561187
236538;13.791382899631145
236539;7.9780239727744595
236540;9.815996360970857
236541;2.4062856157137116
236542;4.211583560415161
236543;1.6979619515336204
236545;1.7148062949833391
236546;15.754859161691469
236566;2.7844461426746565
236567;3.204454945696163
236568;3.276894258798077
236550;0.9713264724826429
236551;2.319188457938566
236552;1.6734904096867376
236553;4.349807533469078
236554;2.9640400472993185
236555;2.7324606699540768
236556;1.9227231286189645
236557;7.742430310055363
236560;0.4849359470841617
236561;2.0795625118640215
236562;3.886610338171312
236563;0.20711782473287502
236564;2.0929148086546867
236565;1.1012111263133717
236597;7.840855334480389
236599;4.624906959065778
236601;17.467922960792496
236610;13.900446653158381
236571;2.687324516278758
236573;6.1830738855166745
236574;2.963830348294968
236575;1.6150984665657293
236578;6.299432963918469
236579;2.64678718841305
236580;11.207326337571756
236583;2.802628919943812
236584;10.673195047594296
236585;206.52072557452675
236586;17.95181002031122
236588;1.5480936799862883
236589;2.9451971358096736
236591;16.001539804184265
236592;2.683915210587449
236594;8.221038576065181
236595;2.1248743199932707
236602;15.346131462613014
236607;8.347388531137359
236612;14.584098607926103
236614;37.57537299593404
236618;13.657555360295445
236619;13.889186972633768
236620;2.0179200038808913
236621;5.399174901418836
236622;5.762493451587358
236625;16.96368589291751
236627;7.077569517943559
236630;5.714687095372837
236699;8.959125571447853
236702;0.7787281293648677
236704;16.72983156459019
236617;16.191092744102125
236707;24.23193243254458
236708;14.869230204955208
236709;0.7809019737329758
236711;11.773101626906342
236714;12.93892763430492
236720;24.52472751057844
236722;27.760389625467447
236723;19.030345491822832
236724;21.904599199670372
236725;4.5320375475988
236726;5.210178010131675
236727;48.914008949862556
236728;15.555409616713364
236729;11.788142891481487
236733;11.642231199099033
236734;19.476530751693158
236736;6.5280097988615795
236737;2.8695785196498735
236738;1.2488992022172765
236739;0.6798557863988589
236740;3.2025778113132546
236741;0.41221189589514823
236742;4.862516679536745
236743;1.0211081590678386
236744;7.0034474822351624
236746;7.159191354667289
236747;5.634887913717841
236750;3.3989272164259194
236752;6.381162350171459
236753;12.559173377343399
236758;2.528490410746109
236759;25.926307764912117
236761;1.362848345008297
236762;2.186798644821954
236766;15.66318736802652
236768;2.9488439418332284
236769;17.2873680570927
236770;15.265099470443738
236771;9.73196059665798
236774;10.282506297268839
236773;8.035494084324586
236778;23.09323347705419
236780;16.901053125074625
236782;4.248165340109264
236785;17.89543461711628
236786;19.59848569915644
236788;12.24590855162959
236789;13.265739825814885
236790;8.956945766026072
236791;4.356158802800738
236794;3.36111115061821
236796;4.760337156893305
236797;1824.9805611805677
236800;10.066121266192333
236803;8.70560142203531
236805;6.195091106188442
236806;1.5325187474668023
236807;12.608377873656082
236808;2.027985634547713
